Timestamp,Weight
0.0,
0.0005149999924469739,0.0
0.0008858999935910106,0.0
0.0012316999782342464,0.0
0.0015712999738752842,0.0
0.0019589999865274876,0.0
0.0022589000000152737,0.0
0.002638999983901158,0.0
0.0029824999801348895,0.0
0.0033241999917663634,0.0
0.0036371999885886908,0.0
0.003954699990572408,0.0
0.00425369999720715,0.0
0.004585199989378452,0.0
1.7371250999858603,Value
1.823124699993059,0.0
1.9132993999810424,0.0
2.003591399989091,0.0
2.0934391999908257,0.0
2.183558599994285,0.0
2.27367769999546,0.0
2.3639976999838836,0.0
2.453950699971756,0.0
2.544102699990617,0.0
2.634404699987499,0.0
2.7242521999869496,0.0
2.8145151999779046,0.0
2.904639699991094,0.0
2.994568199996138,0.0
3.0846699999819975,0.0
3.1748179999995045,0.0
3.2649524999724235,0.0
3.35505519999424,0.0
3.4451891999924555,0.0
3.5353022999770474,0.0
3.6254169999738224,0.0
3.715482100000372,0.0
3.805645699991146,0.0
3.8957760999910533,0.0
3.9858744999801274,0.0
4.0761696999834385,0.0
4.166108699981123,0.0
4.256231299979845,0.0
4.346420899993973,0.0
4.436436699994374,0.0
4.526582599995891,0.0
4.616862599999877,-0.0
4.7067927999887615,0.0
4.797097199974814,0.0
4.887086499977158,0.0
4.977169499994488,0.0
5.0672830999828875,0.0
5.157450599974254,0.0
5.24751639997703,0.0
5.337656199990306,0.0
5.427788099972531,0.0
5.5178217999928165,0.0
5.6079842999752145,0.0
5.6982027999765705,0.0
5.788200099981623,0.0
5.878348799975356,0.0
5.968415899988031,0.0
6.058555299998261,0.0
6.148724299971946,0.0
6.238769499992486,0.0
6.328873799997382,0.0
6.41922079998767,0.0
6.509145599993644,0.0
6.5992578999721445,0.0
6.689539099985268,0.0
6.779514699999709,0.0
6.869734199979575,0.0
6.9597369999974035,0.0
7.0498776999884285,0.0
7.139972299977671,0.0
7.2302434999728575,0.0
7.320217499975115,0.0
7.410301199997775,0.0
7.500427999999374,0.0
7.590541199984727,0.0
7.680616699974053,0.0
7.770752599986736,0.0
7.860902399988845,0.0
7.951052299991716,0.0
8.037279599986505,0.0
8.127227099990705,0.0
8.217424799979199,0.0
8.307468799990602,0.0
8.397574699978577,0.0
8.48771599997417,0.0
8.578238799993414,0.0
8.668080399977043,0.0
8.758217999973567,0.0
8.848241499974392,0.0
8.93843409998226,0.0
9.028382499993313,0.0
9.11849289998645,0.0
9.208623799990164,0.0
9.298773599992273,0.0
9.388853099982953,0.0
9.479051899979822,0.0
9.569091899989871,0.0
9.659204699972179,0.0
9.749353599996539,0.0
9.839440099982312,0.0
9.929712699988158,0.0
10.01972409998416,0.0
10.109808599983808,0.0
10.200069599988637,0.0
10.29008619999513,0.0
10.38010489998851,0.0
10.470249399979366,0.0
10.560448599979281,0.0
10.650513799977489,0.0
10.740629199979594,0.0
10.830735199997434,0.0
10.920841399987694,0.0
11.010968799993861,0.0
11.10123809997458,0.0
11.19121739998809,0.0
11.281289899983676,0.0
11.371395599999232,0.0
11.461616899992805,0.0
11.551701499993214,0.0
11.641782299993793,0.0
11.73196329997154,0.0
11.822037799982354,0.0
11.912305799982278,0.0
12.002211099985288,0.0
12.092314699984854,0.0
12.182439799973508,0.0
12.272758899984183,0.0
12.362711499998113,0.0
12.45283379999455,0.0
12.54292369997711,0.0
12.633172799978638,0.0
12.723205799993593,0.0
12.813349999982165,0.0
12.903432899998734,0.0
12.993506799975876,0.0
13.083682799973758,0.0
13.173716199991759,0.0
13.263858299993444,0.0
13.354132899985416,0.0
13.444097699975828,0.0
13.53416459998698,0.0
13.624355099978857,0.0
13.714437499991618,0.0
13.804569299973082,0.0
13.894679799996084,0.0
13.984836499992525,0.0
14.074886299989885,0.0
14.16503720000037,0.0
14.255139399989275,0.0
14.34523479998461,0.0
14.43537789999391,0.0
14.525476599985268,0.0
14.615611999994144,0.0
14.705836299981456,0.0
14.795907499996247,-0.0
14.885946799971862,0.0
14.97621209998033,0.0
15.066224299982423,0.0
15.156455099990126,0.0
15.246442599978764,0.0
15.336559699993813,0.0
15.426649699977133,0.0
15.516869099985342,0.0
15.606889599992428,0.0
15.696988299983786,0.0
15.787080499983858,0.0
15.877228699973784,0.0
15.967375299980631,0.0
16.05745619998197,0.0
16.14754969999194,0.0
16.237739999982296,0.0
16.327819499972975,0.0
16.417899599997327,0.0
16.50807349997922,0.0
16.598190499993507,0.0
16.688281099981396,0.0
16.77835719997529,0.0
16.868473399983486,0.0
16.958586999971885,0.0
17.048866599972825,0.0
17.139173999981722,0.0
17.228984699991997,0.0
17.319071699981578,0.0
17.409196699998574,0.0
17.499294299981557,0.0
17.58945329999551,0.0
17.679739699990023,0.0
17.769730599975446,0.0
17.859794999996666,0.0
17.950099899986526,0.0
18.04005309997592,0.0
18.126347299985355,0.0
18.2162581999728,0.0
18.306517199991504,0.0
18.396443999983603,0.0
18.490585999999894,-0.0
18.576738699979614,0.0
18.667039599997224,0.0
18.75695499998983,0.0
18.847075599973323,0.0
18.93719329999294,0.0
19.027304799994454,0.0
19.117455499974312,0.0
19.20759539998835,0.0
19.297699499991722,0.0
19.38786699998309,0.0
19.47790939998231,0.0
19.568046599975787,0.0
19.6582351999823,0.0
19.748284099972807,0.0
19.838404899986926,0.0
19.928483299998334,0.0
20.01860099998885,0.0
20.10867449999205,0.0
20.19880829998874,0.0
20.288911699986784,0.0
20.383058899984462,-0.0
20.46926509999321,0.0
20.559369599999627,0.0
20.64949319997686,0.0
20.73953409999376,0.0
20.829699899972184,0.0
20.91974469998968,0.0
21.00987089998671,0.0
21.10019519997877,0.0
21.1901270999806,0.0
21.280222699977458,0.0
21.370555999979842,0.0
21.460458399989875,0.0
21.55056199998944,0.0
21.64069249999011,0.0
21.730813799978932,0.0
21.82093509999686,0.0
21.911171399988234,0.0
22.00111179999658,0.0
22.09134479999193,0.0
22.181359699985478,0.0
22.271699899982195,0.0
22.361631099978695,0.0
22.45185709997895,0.0
22.541894299996784,0.0
22.631936299992958,0.0
22.722257799992803,0.0
22.812218099978054,0.0
22.90226829997846,0.0
22.992408099991735,0.0
23.082532899978105,0.0
23.17265849999967,0.0
23.26294709998183,0.0
23.352904699975625,0.0
23.443065499974182,0.0
23.533226199971978,0.0
23.623347399989143,0.0
23.713328999991063,0.0
23.803576799982693,0.0
23.893612499989104,0.0
23.983705299993744,0.0
24.073833799979184,0.0
24.163945299980696,0.0
24.254093499999726,0.0
24.344221199979074,0.0
24.434287899988703,0.0
24.524431999976514,0.0
24.614500399999088,0.0
24.704647799982922,0.0
24.79475909998291,0.0
24.884893099981127,0.0
24.975027799984673,0.0
25.065100099978736,0.0
25.155222399975173,0.0
25.245315399981337,0.0
25.33541729999706,0.0
25.425554199988255,0.0
25.515641799982404,0.0
25.605787399981637,0.0
25.695874099998036,0.0
25.78600159997586,0.0
25.876200699975016,0.0
25.966434099973412,0.0
26.056411999976262,0.0
26.1466038999788,0.0
26.23690579997492,0.0
26.326761499978602,0.0
26.41691329999594,0.0
26.507094000000507,0.0
26.59709909997764,0.0
26.68716009997297,0.0
26.777290799975162,0.0
26.867408799997065,0.0
26.957520199997816,0.0
27.04763649997767,0.0
27.13779819998308,0.0
27.227896799973678,0.0
27.318101199984085,0.0
27.40810909998254,0.0
27.498222299996996,0.0
27.588323899981333,0.0
27.678502899972955,0.0
27.764659699983895,0.0
27.85464969999157,0.0
27.945049999980256,0.0
28.034883899992565,0.0
28.125104899983853,0.0
28.215171899995767,0.0
28.305259599990677,0.0
28.39540749997832,0.0
28.48550269997213,0.0
28.575625099998433,0.0
28.66577559997677,0.0
28.75582539997413,0.0
28.846063999983016,0.0
28.9361390999984,0.0
29.0262006999983,0.0
29.116379099985352,0.0
29.20642639999278,0.0
29.29667559999507,0.0
29.386654999980237,0.0
29.47694139997475,0.0
29.5669562999974,0.0
29.657129599974724,0.0
29.747180799982743,0.0
29.837263299996266,0.0
29.927336099994136,0.0
30.017479299975093,0.0
30.107605199998943,0.0
30.19771869998658,0.0
30.2879535999964,0.0
30.37809399998514,0.0
30.468025099980878,0.0
30.558153899997706,0.0
30.648322900000494,0.0
30.738397599983728,0.0
30.828509399987524,0.0
30.918643799988786,0.0
31.00888579999446,0.0
31.09885639999993,0.0
31.189015699987067,0.0
31.279119399987394,0.0
31.36922059999779,0.0
31.459361199988052,0.0
31.54951519999304,0.0
31.639646099996753,0.0
31.729735499975504,0.0
31.81983069999842,0.0
31.910144999972545,0.0
32.000063499988755,0.0
32.09022339998046,0.0
32.180309199990006,0.0
32.27049649998662,0.0
32.360580799984746,0.0
32.450663099996746,0.0
32.54081729997415,0.0
32.63097639998887,0.0
32.72102509997785,0.0
32.811235399974976,0.0
32.90122079997673,0.0
32.99134169999161,0.0
33.08145059997332,0.0
33.171562699979404,0.0
33.26173069997458,0.0
33.351806799997576,0.0
33.44206649999251,0.0
33.53225999997812,0.0
33.62233609997202,0.0
33.71234439997352,0.0
33.802381899993634,0.0
33.89249159998144,0.0
33.98267769999802,0.0
34.07275469999877,0.0
34.16287000000011,0.0
34.25298429999384,0.0
34.34310589998495,0.0
34.43318879997241,0.0
34.523363199987216,0.0
34.61355479998747,0.0
34.70358309999574,0.0
34.793748099997174,0.0
34.88392509997357,0.0
34.973929699976,0.0
35.064026099978946,0.0
35.15412519997335,0.0
35.244264299981296,0.0
35.33439899998484,0.0
35.42446719997679,0.0
35.514560399984475,0.0
35.60485939998762,0.0
35.69488359999377,0.0
35.784987599996384,0.0
35.87506229997962,0.0
35.9651567999972,0.0
36.055286099988734,0.0
36.145424099988304,0.0
36.235536199994385,0.0
36.32561469997745,0.0
36.415760499978205,0.0
36.506068199989386,0.0
36.59600559997489,0.0
36.68612969998503,0.0
36.77627219998976,0.0
36.86634499998763,0.0
36.95646499999566,0.0
37.04657139998744,0.0
37.13667969999369,0.0
37.22681159997592,0.0
37.316938899981324,0.0
37.40709309998783,0.0
37.493207799998345,0.0
37.583311700000195,0.0
37.6735041999782,0.0
37.76355649999459,0.0
37.8536838,0.0
37.94369819998974,0.0
38.03387659997679,0.0
38.12404759999481,0.0
38.2141205999942,0.0
38.30442989998846,0.0
38.39429479997489,0.0
38.484443499997724,0.0
38.57454519998282,0.0
38.664632399973925,0.0
38.75483809999423,0.0
38.8449416999938,0.0
38.93501149999793,0.0
39.0251600999909,0.0
39.11525729999994,0.0
39.20533049997175,0.0
39.29551559998072,0.0
39.38559419999365,0.0
39.47569559997646,0.0
39.56589449997409,0.0
39.65604489998077,0.0
39.7461635999789,0.0
39.83633089999785,0.0
39.926301499974215,0.0
40.01666029999615,0.0
40.10661389998859,0.0
40.19668919997639,0.0
40.286903299973346,0.0
40.37687689997256,0.0
40.46696309998515,0.0
40.55710029997863,0.0
40.647346899990225,0.0
40.737344099994516,0.0
40.82747009999002,0.0
40.917598799976986,0.0
41.00771229999373,0.0
41.097811599989654,0.0
41.187949599989224,0.0
41.27807339999708,0.0
41.36824019998312,0.0
41.458289099973626,0.0
41.54841299998225,0.0
41.638564699998824,0.0
41.728671599994414,0.0
41.81889839997166,0.0
41.908907199976966,0.0
41.99901419997332,0.0
42.08911409997381,0.0
42.17927549997694,0.0
42.2693001999869,0.0
42.35943749998114,0.0
42.44969849998597,0.0
42.539684199990006,0.0
42.62979079998331,0.0
42.719862499972805,0.0
42.810093099978985,0.0
42.900147999986075,0.0
42.990304499980994,0.0
43.080377399979625,0.0
43.170467099989764,0.0
43.26058159998502,0.0
43.350857299985364,0.0
43.44088019998162,0.0
43.53093809998245,0.0
43.62108059998718,0.0
43.71139709997806,0.0
43.8012748999754,0.0
43.89152079998166,0.0
43.98151629997301,0.0
44.071675999992294,0.0
44.161787399993045,0.0
44.25201749999542,0.0
44.34207069998956,0.0
44.43213959998684,0.0
44.522216399986064,0.0
44.61233619999257,0.0
44.7025068999792,0.0
44.79261539998697,0.0
44.882711499987636,0.0
44.9728181999817,0.0
45.0632013999857,0.0
45.15304289999767,0.0
45.243168499990134,0.0
45.33328449999681,0.0
45.42336329998216,0.0
45.5138001999876,0.0
45.60364789998857,0.0
45.693721599993296,0.0
45.78384859999642,0.0
45.87400849998812,0.0
45.96410469998955,0.0
46.05423389998032,0.0
46.14430269997683,0.0
46.23446869998588,0.0
46.324698099982925,0.0
46.41464269999415,0.0
46.504859899985604,0.0
46.594978099979926,0.0
46.68502069998067,0.0
46.77516179997474,0.0
46.865249899972696,0.0
46.95537049998529,0.0
47.04551599998376,0.0
47.13161099998979,0.0
47.22180569998454,0.0
47.3119131999847,0.0
47.40199399998528,0.0
47.49208539997926,0.0
47.58218709999346,0.0
47.67243129998678,0.0
47.76248829998076,0.0
47.85262389999116,0.0
47.94264429999748,0.0
48.03276239999104,0.0
48.12286839997978,0.0
48.21301099998527,0.0
48.30313319998095,0.0
48.393212199996924,0.0
48.48345719999634,0.0
48.573435799975414,0.0
48.663670199981425,0.0
48.753726499999175,0.0
48.84394099999918,0.0
48.93402469999273,0.0
49.024092599982396,0.0
49.1141823999933,0.0
49.20438759998069,0.0
49.29442469999776,0.0
49.38460329998634,0.0
49.47461549998843,0.0
49.564815999998245,0.0
49.65483289997792,0.0
49.74498109999695,0.0
49.83526009999332,0.0
49.925197699980345,0.0
50.01549749998958,0.0
50.10545499998261,0.0
50.19557339997846,0.0
50.28568109998014,0.0
50.37578939998639,0.0
50.46595199999865,0.0
50.55603659999906,0.0
50.646210899984,0.0
50.73640989998239,0.0
50.82644909998635,0.0
50.91658059999463,0.0
51.00657019999926,0.0
51.096808199974475,0.0
51.186891099991044,0.0
51.276975099986885,0.0
51.367103699973086,0.0
51.45731849997537,0.0
51.54752889997326,0.0
51.63743209998938,0.0
51.72754909997457,0.0
51.81763609999325,0.0
51.908000699972035,0.0
51.99795719998656,0.0
52.088520399993286,0.0
52.17812339999364,0.0
52.26826379998238,0.0
52.35833789999015,0.0
52.448465399997076,0.0
52.53855619998649,0.0
52.62877229999867,0.0
52.71877989999484,0.0
52.80893609998748,0.0
52.89916769997217,0.0
52.989153499976965,0.0
53.07929379999405,0.0
53.16941589998896,0.0
53.25950909999665,0.0
53.34967009999673,0.0
53.43984619999537,0.0
53.52991149999434,0.0
53.6200559999852,0.0
53.710078199976124,0.0
53.80026609997731,0.0
53.89038339999388,0.0
53.9804301999975,0.0
54.07064069999615,0.0
54.16087669998524,0.0
54.250753599975724,0.0
54.34091879997868,0.0
54.43101239998941,0.0
54.521105199994054,0.0
54.61126099998364,0.0
54.70161239997833,0.0
54.791482499975245,0.0
54.881618099985644,0.0
54.971711599995615,0.0
55.06187519998639,0.0
55.15195919998223,0.0
55.24208689999068,0.0
55.3321530999965,0.0
55.42228719999548,0.0
55.51246169998194,0.0
55.602574599994114,0.0
55.69265409998479,0.0
55.782800999993924,0.0
55.872874499997124,0.0
55.963016099995,0.0
56.05310779999127,0.0
56.14332859998103,0.0
56.233443099976284,0.0
56.32347730000038,0.0
56.413583399989875,0.0
56.50378189998446,0.0
56.593896599981235,0.0
56.683929899998475,0.0
56.77003639997565,0.0
56.86010999997961,0.0
56.95027399997343,0.0
57.0403850999719,0.0
57.13051249997807,0.0
57.22063629998593,0.0
57.31080309997196,0.0
57.40081949997693,0.0
57.49102159999893,0.0
57.58108549998724,0.0
57.67147679999471,0.0
57.76131049997639,0.0
57.85152929998003,0.0
57.94160269998247,0.0
58.03169539998635,0.0
58.121939399978146,0.0
58.212022399995476,0.0
58.30206819999148,0.0
58.3921889999765,0.0
58.48236039999756,0.0
58.57249169997522,0.0
58.662551699992036,0.0
58.75271719999728,0.0
58.84269679998397,0.0
58.93294099997729,0.0
59.02297120000003,0.0
59.113121699978365,0.0
59.20327129997895,0.0
59.29334179998841,0.0
59.38346230000025,0.0
59.473584599996684,0.0
59.56378709999262,0.0
59.65374989999691,0.0
59.74394439999014,0.0
59.83401349998894,0.0
59.924181499984115,0.0
60.01420859998325,0.0
60.10912089998601,0.0
60.199211600003764,0.0
60.28936799999792,0.0
60.37947310000891,0.0
60.46965300000738,0.0
60.559771100000944,0.0
60.64990389999002,0.0
60.739884999988135,0.0
60.830031199991936,0.0
60.92011750000529,0.0
61.01027389999945,0.0
61.10043449999648,0.0
61.19050570001127,0.0
61.28073619998759,0.0
61.37076520000119,0.0
61.460864499997115,0.0
61.551282600004924,0.0
61.641070199984824,0.0
61.731192699982785,0.0
61.82133899998735,0.0
61.91148370000883,0.0
62.00176439998904,0.0
62.09176270000171,0.0
62.18178099999204,0.0
62.27189979999093,0.0
62.36198499999591,0.0
62.452114499988966,0.0
62.542215299996315,0.0
62.63234489999013,0.0
62.7224445999891,0.0
62.81265330000315,0.0
62.90265360000194,0.0
62.99276610001107,0.0
63.08289250000962,0.0
63.17300839998643,0.0
63.263114100001985,0.0
63.35324480000418,0.0
63.44337980001001,0.0
63.53344900000957,0.0
63.62361370000872,0.0
63.71371079998789,0.0
63.80396109999856,0.0
63.894058899983065,0.0
63.98408059999929,0.0
64.07419200000004,0.0
64.16431819999707,0.0
64.2544285999902,0.0
64.34465359998285,0.0
64.43461729999399,0.0
64.52473090001149,0.0
64.61495719998493,0.0
64.7049604000058,0.0
64.79508489998989,0.0
64.88520200000494,0.0
64.97539629999665,0.0
65.0654380999913,0.0
65.15558880000026,0.0
65.24569360000896,0.0
65.33582849998493,0.0
65.42593890000717,0.0
65.51605750000454,0.0
65.60618120001163,0.0
65.69626430000062,0.0
65.78640809998615,0.0
65.8766353999963,0.0
65.96660869999323,0.0
66.05693130000145,0.0
66.14689119998366,0.0
66.237006499985,0.0
66.3271245000069,0.0
66.41324150000582,0.0
66.5034663999977,0.0
66.59358300000895,0.0
66.68357110000215,0.0
66.77371489998768,0.0
66.86396640000748,0.0
66.95389979999163,0.0
67.04425929998979,0.0
67.13425129998359,0.0
67.22424089998822,0.0
67.31445420000819,0.0
67.40445979998913,0.0
67.4947938999976,0.0
67.58488670000224,0.0
67.67482310000923,0.0
67.76506189999054,0.0
67.8550710999989,0.0
67.94522900000447,0.0
68.03531909998856,0.0
68.12543099999311,0.0
68.21552639998845,0.0
68.30571630000486,0.0
68.3958667999832,0.0
68.48605700000189,0.0
68.57599990000017,0.0
68.66608229998383,0.0
68.75619049998932,0.0
68.84640849998686,0.0
68.93644869999844,0.0
69.02675679998356,0.0
69.1166596999974,0.0
69.20700910000596,0.0
69.29689319999306,0.0
69.38701929998933,0.0
69.47717199998442,0.0
69.56731419998687,0.0
69.65742629999295,0.0
69.74752070000977,0.0
69.83768090000376,-0.0
69.92773950000992,0.0
70.01802580000367,0.0
70.10797240000102,0.0
70.19814259998384,0.0
70.28837860000203,0.0
70.37831810000353,0.0
70.46846269999514,0.0
70.55861589999404,0.0
70.64880120000453,0.0
70.7388726999925,-0.0
70.82907279999927,0.0
70.91901330000837,0.0
71.00939479999943,0.0
71.0992266999965,0.0
71.18947370001115,0.0
71.27948959998321,0.0
71.36973889998626,0.0
71.45969049999258,0.0
71.54983760000323,0.0
71.64005739998538,0.0
71.73008579999441,0.0
71.82017799999448,0.0
71.91039810000802,0.0
72.00042830000166,0.0
72.09056959999725,0.0
72.18067090000841,0.0
72.27077460000874,0.0
72.36089099998935,0.0
72.45101530000102,0.0
72.54111250001006,0.0
72.63127990000066,0.0
72.72140449998551,0.0
72.81149110000115,0.0
72.90157079999335,0.0
72.99173219999648,0.0
73.08209859998897,0.0
73.17196599999443,0.0
73.26206639999873,0.0
73.35232639999595,0.0
73.44230409999727,0.0
73.53238419999252,0.0
73.62256319998414,0.0
73.71266439999454,0.0
73.80274929999723,0.0
73.8928634999902,0.0
73.98296819999814,0.0
74.07305790000828,0.0
74.16335190000245,0.0
74.25330350000877,0.0
74.34340700000757,0.0
74.43372359999921,0.0
74.52378920000046,0.0
74.61378340001102,0.0
74.70387719999417,0.0
74.79402840000694,0.0
74.8841575999977,0.0
74.97422709999955,0.0
75.06438329999219,0.0
75.15455909998855,0.0
75.2446471999865,0.0
75.33502239998779,0.0
75.4249020999996,0.0
75.51492970000254,0.0
75.60506969998823,0.0
75.69527480000397,0.0
75.78532359999372,0.0
75.87540940000326,0.0
75.96161110000685,0.0
76.05165229999693,0.0
76.14175979999709,0.0
76.23189550000825,0.0
76.32206050000968,0.0
76.4121143000084,0.0
76.50223710000864,0.0
76.59237989998655,0.0
76.68247410000185,0.0
76.772567899985,0.0
76.86296629998833,0.0
76.95283759999438,0.0
77.04293789999792,0.0
77.13300949998666,0.0
77.22316639998462,0.0
77.31327730001067,0.0
77.40339689998655,0.0
77.49353269999847,0.0
77.58364979998441,0.0
77.67375990000437,0.0
77.76384759999928,0.0
77.85412060000817,0.0
77.9441528999887,0.0
78.03437639999902,0.0
78.12430930000846,0.0
78.21468989999266,0.0
78.30458759999601,0.0
78.39469590000226,0.0
78.48483559998567,0.0
78.57490509998752,0.0
78.66504319998785,0.0
78.75513440000941,0.0
78.84526760000153,0.0
78.93538400001125,0.0
79.02549219998764,0.0
79.11560749998898,0.0
79.20567920000758,0.0
79.2958520000102,0.0
79.38612199999625,0.0
79.47614290000638,0.0
79.5662391000078,0.0
79.65639190000365,0.0
79.74643030000152,0.0
79.83657829998992,0.0
79.9266273000103,0.0
80.0169365000038,0.0
80.10690449998947,0.0
80.19718089999515,0.0
80.28710849999334,0.0
80.37732920001145,0.0
80.46738200000254,0.0
80.55748419999145,0.0
80.64770060000592,0.0
80.73770860000513,0.0
80.82811329999822,0.0
80.91807260000496,0.0
81.00800760000129,0.0
81.09830730000976,0.0
81.18826180000906,0.0
81.2783863999939,0.0
81.36856750000152,0.0
81.45863879998797,0.0
81.54875059999176,0.0
81.6388759999827,0.0
81.72904700000072,0.0
81.81906039998285,0.0
81.90924479998648,0.0
81.99946230000933,0.0
82.08944650000194,0.0
82.1795395000081,0.0
82.26966560000437,0.0
82.35995149999508,0.0
82.44989879999775,0.0
82.54027160000987,0.0
82.63016440000501,0.0
82.72030889999587,0.0
82.81041869998444,0.0
82.9005618999945,0.0
82.99070749999373,0.0
83.08074430000852,0.0
83.17086640000343,0.0
83.26106630000868,0.0
83.35104459998547,0.0
83.4411989999935,0.0
83.53134799998952,0.0
83.62143289999221,0.0
83.71155899998848,0.0
83.80183129999205,0.0
83.891752800002,0.0
83.98189619998448,0.0
84.0720139000041,0.0
84.1622320000024,0.0
84.25221050000982,0.0
84.34237359999679,0.0
84.43267390000983,0.0
84.52254740000353,0.0
84.61268990000826,0.0
84.70286049999413,0.0
84.79300830001011,0.0
84.88305410000612,0.0
84.97317079998902,0.0
85.06343069998547,0.0
85.15343700000085,0.0
85.24360700001125,0.0
85.33367059999728,0.0
85.42377639998449,0.0
85.5138944000064,0.0
85.60399329999927,0.0
85.69414820001111,0.0
85.78038199999719,0.0
85.8702917000046,0.0
85.96050109999487,0.0
86.0505659999908,0.0
86.14064500000677,0.0
86.23092890001135,0.0
86.3210715999885,0.0
86.41103759998805,0.0
86.50118679998559,0.0
86.59137320000445,0.0
86.68139799998607,0.0
86.77152929999284,0.0
86.86158910000813,0.0
86.95174479999696,0.0
87.04185509998933,0.0
87.13208149999264,0.0
87.22212829999626,0.0
87.31219689999125,0.0
87.40236639999785,0.0
87.49252140001045,0.0
87.58286890000454,0.0
87.67269289999967,0.0
87.7627671000082,0.0
87.85286680000718,0.0
87.94299390001106,0.0
88.0331593999872,0.0
88.12324399998761,0.0
88.21352230000775,0.0
88.30347230000189,0.0
88.39360760001,0.0
88.48382580000907,0.0
88.57381549998536,0.0
88.66392419999465,0.0
88.75403859998914,0.0
88.84417389999726,0.0
88.93428519999725,0.0
89.02442589998827,0.0
89.11451759998454,0.0
89.20466950000264,0.0
89.2947629999835,0.0
89.38485840000794,0.0
89.47503249999136,0.0
89.56514659998356,0.0
89.65520040001138,0.0
89.74529510000139,0.0
89.83543899998767,0.0
89.92553810001118,0.0
90.0156558000017,0.0
90.10577880000346,0.0
90.19591260000016,0.0
90.28602860000683,0.0
90.37619519999134,0.0
90.46635609999066,0.0
90.55638039999758,0.0
90.64650729999994,0.0
90.73666819999926,0.0
90.82670000000508,0.0
90.91686080000363,0.0
91.00704820000101,0.0
91.09704289998626,0.0
91.18726629999583,0.0
91.27741579999565,0.0
91.36744159998489,0.0
91.45754020000459,0.0
91.54772500001127,0.0
91.6377494999906,0.0
91.72795530001167,0.0
91.81798799999524,0.0
91.9081012000097,0.0
91.99836359999608,0.0
92.08834319998277,0.0
92.17849419999402,0.0
92.26877450000029,0.0
92.35873939999146,0.0
92.44885739998426,0.0
92.53898730000947,0.0
92.62904910001089,0.0
92.7192270999949,0.0
92.80927209998481,0.0
92.89941459998954,0.0
92.98967559999437,0.0
93.07962929998757,0.0
93.1697814000072,0.0
93.25990949998959,0.0
93.34998420000193,0.0
93.44007310000597,0.0
93.53020219999598,0.0
93.62030119998963,0.0
93.71050610000384,0.0
93.80053879998741,0.0
93.89067160000559,0.0
93.98077399999602,0.0
94.07099619999644,0.0
94.1611777000071,0.0
94.2511935000075,0.0
94.34129119999125,0.0
94.43139859999064,0.0
94.5216478999937,0.0
94.6116267000034,0.0
94.70174409999163,0.0
94.79184910000185,0.0
94.8819868999999,0.0
94.97213999999803,-0.0
95.06239350000396,0.0
95.15232319998904,0.0
95.24270229999092,0.0
95.33256819998496,0.0
95.42267040000297,0.0
95.51276690000668,0.0
95.60288749999017,0.0
95.69332739998936,0.0
95.78317489998881,0.0
95.8734126999916,0.0
95.96337189999758,0.0
96.0496637999895,0.0
96.13963610000792,0.0
96.22968819999369,0.0
96.31980490000569,0.0
96.40992669999832,0.0
96.5000308000017,0.0
96.59024570000474,0.0
96.68032779998612,0.0
96.77047019999009,0.0
96.8604975999915,0.0
96.95071840001037,0.0
97.04072489999817,0.0
97.13089390000096,0.0
97.22096720000263,0.0
97.31121680000797,0.0
97.4011976000038,0.0
97.49175809998997,0.0
97.58150100000785,0.0
97.67182200000389,0.0
97.76167410000926,0.0
97.8518558999931,0.0
97.94189739998546,0.0
98.03202059998875,0.0
98.12222640000982,0.0
98.21232779999264,0.0
98.30238469998585,0.0
98.39258650000556,0.0
98.48262880000402,0.0
98.57273859999259,0.0
98.66292030000477,0.0
98.75296670000535,0.0
98.84314929999528,0.0
98.93318809999619,0.0
99.02333490000456,0.0
99.11382440000307,0.0
99.20364890000201,0.0
99.2937117999827,0.0
99.3837923000101,0.0
99.47401159998844,0.0
99.56406639999477,0.0
99.65418340000906,-0.0
99.74441439998918,0.0
99.83443509999779,0.0
99.92461819999153,0.0
100.0146151999943,0.0
100.10471519999555,0.0
100.19488699999056,0.0
100.28501779999351,0.0
100.3753793000069,0.0
100.46526619998622,0.0
100.55531500000507,0.0
100.64551169998595,-0.0
100.73559920000844,-0.0
100.825625700003,0.0
100.91579339999589,0.0
101.00586360000307,0.0
101.09601479998673,0.0
101.18615069999942,0.0
101.27619390000473,0.0
101.366368899995,0.0
101.45660499998485,0.0
101.54657390000648,0.0
101.63671140000224,0.0
101.72682219999842,0.0
101.81693569998606,0.0
101.90705320000416,0.0
101.99719590001041,0.0
102.08736559998943,0.0
102.17741319999914,0.0
102.2675670000026,0.0
102.35765009999159,0.0
102.44786569999997,0.0
102.53790619998472,0.0
102.6280790999881,0.0
102.71806839999044,0.0
102.80824710000888,0.0
102.89834610000253,0.0
102.98850330000278,0.0
103.0786734999856,0.0
103.16870489998837,0.0
103.25876689999131,0.0
103.34887139999773,0.0
103.4390533999831,0.0
103.5291436999978,0.0
103.61952539999038,0.0
103.70937229998526,0.0
103.7994633000053,0.0
103.88957279999158,0.0
103.97973560000537,0.0
104.06983659998514,0.0
104.15993880000315,0.0
104.25008560001152,0.0
104.3401743999857,0.0
104.43032600000151,0.0
104.52049329999136,0.0
104.61057019999134,0.0
104.70065660000546,0.0
104.79075700000976,0.0
104.8808643000084,0.0
104.97098300000653,0.0
105.06110729998909,0.0
105.15126270000474,0.0
105.24132939998526,0.0
105.33145289999084,0.0
105.42154999999912,0.0
105.51167350000469,0.0
105.60188609999022,0.0
105.69195249999757,-0.0
105.77818419999676,0.0
105.86816449998878,0.0
105.95853410000564,0.0
106.04848420000053,0.0
106.13864140000078,0.0
106.22873999999138,0.0
106.3187326999905,0.0
106.40894269998535,0.0
106.49894869999844,0.0
106.58926780000911,0.0
106.6791821999941,0.0
106.76931179998792,0.0
106.85970760000055,0.0
106.9495312999934,0.0
107.03982410000754,0.0
107.12994230000186,0.0
107.21988230000716,0.0
107.31002770000487,0.0
107.40015969998785,0.0
107.49022849998437,0.0
107.5804247999913,0.0
107.6705004000105,0.0
107.76065089998883,0.0
107.85073989999364,0.0
107.94095019999077,0.0
108.03109639999457,0.0
108.12124989999575,0.0
108.21119219998945,0.0
108.30150139998295,0.0
108.39148859999841,0.0
108.48162219999358,0.0
108.57170929998392,0.0
108.66177889998653,0.0
108.75190090000979,0.0
108.84203699999489,0.0
108.932123400009,0.0
109.02221219998319,0.0
109.11237349998555,-0.0
109.20251979999011,0.0
109.29263979999814,0.0
109.38271189999068,0.0
109.47281229999498,0.0
109.56293980000191,0.0
109.65304330000072,0.0
109.74332059998414,0.0
109.83333449999918,0.0
109.92354079999495,0.0
110.01353749999544,0.0
110.103712000011,0.0
110.19376090000151,0.0
110.28388430000632,0.0
110.37416469998425,0.0
110.4641081999871,0.0
110.55421760000172,0.0
110.64436899998691,0.0
110.73461730001145,0.0
110.82458700001007,0.0
110.91488009999739,0.0
111.00497650000034,0.0
111.09487810000428,0.0
111.18506220000563,0.0
111.27513880000333,0.0
111.36531429999741,0.0
111.45540079998318,0.0
111.54566249999334,0.0
111.63558860000921,0.0
111.72591509998892,0.0
111.81584130000556,0.0
111.90600699998322,0.0
111.99635770000168,0.0
112.0862458999909,0.0
112.17631999999867,0.0
112.2664386999968,0.0
112.35663039999781,0.0
112.44663079999737,0.0
112.53679340000963,0.0
112.62701589998323,0.0
112.71699650000664,0.0
112.80711429999792,0.0
112.89723810000578,0.0
112.98737600000459,0.0
113.077472999983,0.0
113.16757669998333,0.0
113.25770919999923,0.0
113.34779949998483,0.0
113.43808079999872,0.0
113.5280647999898,0.0
113.61832049998338,0.0
113.70828950000578,0.0
113.79840959998546,0.0
113.88864630000899,0.0
113.97863440000219,0.0
114.06874630000675,0.0
114.15887099999236,0.0
114.24905929999659,-0.0
114.33911760000046,0.0
114.42930729998625,0.0
114.5193076999858,0.0
114.60960619998514,0.0
114.69953979999991,0.0
114.78968889999669,0.0
114.87985120000667,0.0
114.9699403999839,0.0
115.06000430000131,0.0
115.15016079999623,0.0
115.24028520000866,0.0
115.33054520000587,0.0
115.42065889999503,0.0
115.51068350000423,0.0
115.59678729998996,0.0
115.68690949998563,0.0
115.77711590001127,0.0
115.86719640000956,0.0
115.95723379999981,0.0
116.04732720000902,0.0
116.13745829998516,0.0
116.22753840000951,0.0
116.31767049999326,0.0
116.4079294000112,0.0
116.49787309998646,0.0
116.58818689998589,0.0
116.67818270000862,0.0
116.76854049999383,0.0
116.85841300000902,0.0
116.94848950000596,0.0
117.03862669999944,0.0
117.12886810000055,0.0
117.2189059999946,0.0
117.30918409998412,0.0
117.39906560000964,0.0
117.48923589999322,0.0
117.5792550999904,0.0
117.6694778999954,0.0
117.75952859999961,0.0
117.8496737999958,0.0
117.93968630000018,0.0
118.02982999998494,0.0
118.11996360000921,0.0
118.21019109999179,0.0
118.30032059998484,0.0
118.39029469998786,0.0
118.48042249999708,0.0
118.57079800000065,0.0
118.6606574000034,0.0
118.75076999998419,0.0
118.84094299998833,0.0
118.93100680000498,0.0
119.02111329999752,0.0
119.11125379998703,0.0
119.20134699999471,0.0
119.291512900003,0.0
119.38166909999563,0.0
119.47181429999182,0.0
119.56186099999468,0.0
119.6519566999923,0.0
119.74207320000278,0.0
119.83218749999651,0.0
119.9225865000044,0.0
120.01248340000166,0.0
120.12977719996707,0.0
120.21984679996967,0.0
120.30996319997939,0.0
120.40007889998378,0.0
120.49021189997438,0.0
120.5803039999737,0.0
120.6704131999577,0.0
120.76061689996277,0.0
120.85063329996774,0.0
120.9407495999767,0.0
121.0309270999569,0.0
121.12100289997761,0.0
121.21116769997752,0.0
121.30130739996093,0.0
121.3913646999572,0.0
121.48149279996869,0.0
121.57162259996403,0.0
121.66185689996928,0.0
121.75184569996782,0.0
121.84197959996527,0.0
121.93208419997245,0.0
122.02219779996085,0.0
122.11235409998335,0.0
122.20246739996946,0.0
122.2927195999655,0.0
122.38267519997316,0.0
122.47290009996505,0.0
122.56292929998017,0.0
122.65305829996942,0.0
122.7431175999809,0.0
122.83334809995722,-0.0
122.92349239997566,0.0
123.01348909997614,0.0
123.10377469996456,0.0
123.19376179997926,0.0
123.28380219996325,0.0
123.37394459996722,0.0
123.46407129996805,0.0
123.55411789997015,0.0
123.64430979997269,0.0
123.73437089996878,0.0
123.82445929996902,0.0
123.91464179995819,0.0
124.0047659999691,0.0
124.09492449997924,0.0
124.18500399996992,-0.0
124.27519029995892,0.0
124.36523369996576,0.0
124.45533869997598,-0.0
124.54546779996599,-0.0
124.63559719995828,0.0
124.72570819995599,0.0
124.81577979997382,0.0
124.90597329995944,0.0
124.99605269997846,0.0
125.08620549997431,0.0
125.17628119996516,0.0
125.26662709997618,0.0
125.35647639996023,0.0
125.44681639998453,0.0
125.53674589996808,0.0
125.62684189996799,0.0
125.71693159997812,0.0
125.8070418999705,0.0
125.89320549997501,0.0
125.98329729997204,0.0
126.07338869996602,0.0
126.16362849998404,0.0
126.25366969997413,0.0
126.34376609997707,0.0
126.43394449996413,0.0
126.52400349997333,0.0
126.61422939997283,0.0
126.70420399997965,0.0
126.79440039995825,0.0
126.88442679998116,0.0
126.97464889998082,0.0
127.06485919997795,0.0
127.15484529995592,0.0
127.2450181999593,0.0
127.33516729995608,0.0
127.42541879997589,0.0
127.51527439997881,0.0
127.60559439996723,0.0
127.69565059998422,0.0
127.7858032999793,0.0
127.87584849997074,0.0
127.96589219997986,0.0
128.0561621999659,0.0
128.14620819996344,0.0
128.23630859996774,0.0
128.3265596999845,0.0
128.4164204999688,0.0
128.50677379997796,-0.0
128.5966184999561,0.0
128.6867700999719,0.0
128.77697469998384,0.0
128.8670404999575,0.0
128.95711779996054,0.0
129.04723029996967,0.0
129.13734359995578,0.0
129.22745519995806,0.0
129.31763529995806,0.0
129.40771299996413,0.0
129.49785649997648,0.0
129.58792249998078,0.0
129.67807859997265,0.0
129.76821889996063,0.0
129.85828589997254,0.0
129.94870009997976,0.0
130.03861469996627,0.0
130.12868239998352,0.0
130.21882739997818,0.0
130.30899099996896,0.0
130.39902459995938,0.0
130.4893388999626,0.0
130.57922939996934,0.0
130.6693712999695,0.0
130.7594768999843,0.0
130.84971579996636,0.0
130.93970169997192,0.0
131.02982509997673,0.0
131.11993029995938,0.0
131.2100536999642,0.0
131.30037179996725,0.0
131.39032079998287,0.0
131.4803721999633,0.0
131.5706156999804,0.0
131.6607401999645,0.0
131.75074439996388,0.0
131.84093929996016,0.0
131.93096889997832,0.0
132.02106509997975,0.0
132.11123869995936,0.0
132.201380399958,0.0
132.29153349995613,0.0
132.38161609997042,0.0
132.4716569999582,0.0
132.56177819997538,0.0
132.6519328999566,0.0
132.7420161999762,0.0
132.83212989996537,0.0
132.92239069996867,-0.0
133.0123771999788,0.0
133.10313229996245,0.0
133.19260899996152,0.0
133.28271729996777,0.0
133.3728646999807,0.0
133.46291279996512,0.0
133.5531534999609,0.0
133.6431674999767,0.0
133.7333894999756,0.0
133.82341319997795,0.0
133.9135659999738,0.0
134.0036283999798,0.0
134.09374649997335,0.0
134.18385439997655,0.0
134.27403009997215,0.0
134.3641453999735,0.0
134.45425659997272,0.0
134.54432739998447,0.0
134.63452309995773,0.0
134.72455029995763,0.0
134.81479319997015,0.0
134.90489679996972,-0.0
134.99496019998332,0.0
135.08502099997713,0.0
135.17521529996884,0.0
135.26527739997255,0.0
135.35551959997974,0.0
135.44552029998158,0.0
135.535728799965,0.0
135.62573779997183,0.0
135.7160087999655,0.0
135.80229589997907,0.0
135.89208619997953,0.0
135.98221339998418,0.0
136.07238709996454,0.0
136.16245929995785,0.0
136.2525980999635,0.0
136.34273979996215,0.0
136.43295759995817,0.0
136.52297079996788,0.0
136.61310949997278,0.0
136.70321379997768,0.0
136.79329999996116,0.0
136.8835076999676,0.0
136.97352679996402,0.0
137.0636688999657,0.0
137.15386079996824,0.0
137.2441933999653,0.0
137.33403469997575,0.0
137.42428159996052,0.0
137.51429009996355,0.0
137.60449119997793,0.0
137.69439379996038,0.0
137.78476569996565,0.0
137.87469429997145,0.0
137.96480039996095,0.0
138.05490779996035,0.0
138.14499879998039,0.0
138.23516689997632,0.0
138.32524319997174,0.0
138.415369299968,0.0
138.50546779995784,0.0
138.59572159996605,0.0
138.68569609997212,0.0
138.77583859997685,0.0
138.86605849995976,0.0
138.95607069996186,0.0
139.04614529997343,0.0
139.13660319996416,0.0
139.22641279996606,0.0
139.31660799996462,0.0
139.40677349996986,0.0
139.49671769997803,0.0
139.58683439996094,0.0
139.67695519997505,0.0
139.7670758999593,0.0
139.85718909997377,0.0
139.9473204999813,0.0
140.03749649997917,0.0
140.12755469998228,0.0
140.2176808999793,0.0
140.3079021999729,0.0
140.39788789997692,0.0
140.48831189997145,0.0
140.5781197999604,0.0
140.66824519998045,0.0
140.75838069996098,0.0
140.84856029995717,0.0
140.9387555999565,0.0
141.0288083999767,0.0
141.11899369995808,0.0
141.2090166999842,0.0
141.29907669997192,0.0
141.38920539995888,0.0
141.47934309995617,0.0
141.56948679997004,0.0
141.6596545999637,0.0
141.74966139998287,0.0
141.83978689997457,0.0
141.92991219996475,0.0
142.01999159998377,0.0
142.11014429997886,0.0
142.20023119996767,0.0
142.2903674999834,0.0
142.3805661999795,0.0
142.4706787999603,0.0
142.56072499995935,0.0
142.6509765999799,0.0
142.7409644999716,0.0
142.83118409998133,0.0
142.92118349997327,0.0
143.01137519997428,0.0
143.10138689997257,0.0
143.19159649996436,0.0
143.28167159997975,0.0
143.3717557999771,0.0
143.46201729995664,0.0
143.5519930999726,0.0
143.64211249997607,0.0
143.73223749996396,0.0
143.8223478999571,0.0
143.9125817999593,0.0
144.00255949996063,0.0
144.0926961999794,0.0
144.18277569997008,0.0
144.27294009996695,0.0
144.36305529996753,0.0
144.45315389995812,0.0
144.5432918999577,0.0
144.6333857999707,0.0
144.72352469997713,0.0
144.81397659998038,-0.0
144.90377779997652,-0.0
144.9938624999777,0.0
145.0842797999794,0.0
145.1740922999743,0.0
145.2643729999836,0.0
145.35434359995998,0.0
145.44449839997105,0.0
145.5345670999668,0.0
145.62468759997864,0.0
145.71489659996587,0.0
145.80503579997458,0.0
145.89505089996965,0.0
145.98532239996712,0.0
146.0752634999808,-0.0
146.16135989996837,0.0
146.2516291999782,0.0
146.3417463999649,0.0
146.43173439995735,0.0
146.52183009998407,0.0
146.6119373999827,0.0
146.70207859997754,0.0
146.79224569996586,0.0
146.88231939997058,0.0
146.97248669996043,0.0
147.06353189997026,0.0
147.1526916999719,0.0
147.2427936999593,0.0
147.3329064999707,0.0
147.42314289996284,0.0
147.51720429997658,-0.0
147.60333429995808,0.0
147.69331499998225,0.0
147.78349849997903,0.0
147.87377839998226,0.0
147.96373549997224,0.0
148.0539560999605,0.0
148.14392469997983,0.0
148.23409459996037,0.0
148.32417079998413,0.0
148.4143064999662,0.0
148.50439299998106,0.0
148.5946971999656,0.0
148.68463809997775,0.0
148.77472659997875,0.0
148.86487039996427,0.0
148.95495819995995,0.0
149.04504779996932,0.0
149.13529009997728,0.0
149.2253267999622,0.0
149.31545289995847,0.0
149.40556859996286,0.0
149.4957591999846,0.0
149.5860577999556,0.0
149.67593949998263,0.0
149.7660614999768,0.0
149.85620909996214,0.0
149.94641989996308,0.0
150.03665719996206,0.0
150.1265318999649,0.0
150.2166392999643,0.0
150.3068806999654,0.0
150.39685909997206,0.0
150.4869901999773,0.0
150.57714629996917,0.0
150.66719079998438,0.0
150.757404199976,0.0
150.8474595999578,0.0
150.9375180999632,0.0
151.0277022999653,0.0
151.1177827999636,0.0
151.20789579997654,0.0
151.29805029995623,0.0
151.38809159997618,0.0
151.4782436999667,0.0
151.56832179997582,0.0
151.6586242999765,0.0
151.74870179998106,0.0
151.8387063999835,0.0
151.9288535999658,0.0
152.0189384999685,0.0
152.10908709996147,0.0
152.1991837999667,0.0
152.2892590999836,0.0
152.3795946999744,0.0
152.46958319997066,0.0
152.5596278999583,0.0
152.64978009997867,0.0
152.73988389997976,0.0
152.82999139997992,-0.0
152.92016979996697,0.0
153.01022649995866,0.0
153.1003399999754,0.0
153.19045729996287,0.0
153.28058959997725,0.0
153.37069359997986,0.0
153.46079369998188,0.0
153.55097329997807,0.0
153.64111769996816,0.0
153.73109919996932,0.0
153.82140829996206,0.0
153.91143859995645,0.0
154.00149149997742,0.0
154.09159779996844,0.0
154.18175529997097,0.0
154.2718299999833,0.0
154.3621081999736,0.0
154.4521948999609,0.0
154.54224569996586,0.0
154.63232079998124,0.0
154.72243989998242,0.0
154.8125630999566,0.0
154.9026668999577,0.0
154.99279879996902,0.0
155.0829680999741,0.0
155.17303649996757,0.0
155.2631683999789,0.0
155.3532278999628,0.0
155.44343089996255,0.0
155.5334602999792,0.0
155.6235593999736,0.0
155.7137888999714,0.0
155.80378829996334,0.0
155.89391459996114,0.0
155.98405939998338,0.0
156.0742678999668,0.0
156.1643302999728,0.0
156.25452109996695,0.0
156.3406780999794,0.0
156.4306312999688,0.0
156.52102559997002,0.0
156.61083579997648,0.0
156.70097569996142,0.0
156.79110969995963,0.0
156.88122009998187,0.0
156.97129139996832,0.0
157.06147009995766,0.0
157.1516456999816,0.0
157.24171069997828,0.0
157.3317693999561,0.0
157.4220537999645,0.0
157.5120283999713,0.0
157.6023445999599,0.0
157.6922620999685,0.0
157.78239239996765,0.0
157.8725516999839,0.0
157.96260399997118,0.0
158.05272359997616,0.0
158.14295589996618,0.0
158.23295449998113,0.0
158.32309709995752,0.0
158.41347269996186,0.0
158.50338329997612,0.0
158.59344969998347,0.0
158.68355769995833,0.0
158.77369279996492,0.0
158.86379699996905,0.0
158.95405759997084,0.0
159.04399969996302,0.0
159.13415169998189,0.0
159.22432029998163,0.0
159.31447859996115,0.0
159.40452049995656,0.0
159.4947661999613,0.0
159.5847941999673,0.0
159.67524349997984,0.0
159.76489999998012,0.0
159.8550697999599,0.0
159.94518409998273,0.0
160.03545239995583,0.0
160.12537549997796,0.0
160.21560939998017,0.0
160.30562599995756,0.0
160.39579519996187,0.0
160.48583169997437,0.0
160.57611459997133,0.0
160.6661032999691,0.0
160.7562093999586,0.0
160.8463361999602,0.0
160.93680799996946,0.0
161.02656769996975,0.0
161.11669189998065,0.0
161.2068019999715,0.0
161.29692659995635,0.0
161.3870374999824,0.0
161.4771520999784,0.0
161.56723759995657,0.0
161.6574372999603,0.0
161.7474556999805,0.0
161.8376807999739,0.0
161.92773549997946,0.0
162.01783859997522,0.0
162.1080577999819,0.0
162.19811149997986,0.0
162.28818549995776,0.0
162.37833489995683,0.0
162.4685155999614,0.0
162.55854569998337,0.0
162.6486953999556,0.0
162.7389893999789,0.0
162.82890799996676,0.0
162.91903499996988,0.0
163.00916339998366,0.0
163.09927979996428,0.0
163.18938879997586,0.0
163.2795301999722,0.0
163.3696114999766,0.0
163.45975159996306,0.0
163.5498259999731,0.0
163.6399315999588,0.0
163.7301318999671,0.0
163.82017699995777,0.0
163.9102922999591,0.0
164.0004379999591,0.0
164.09053389995825,0.0
164.1807272999722,0.0
164.2707487999578,0.0
164.36093609998352,0.0
164.45101499996963,0.0
164.54106379995937,0.0
164.6312494999729,0.0
164.7213493999734,0.0
164.81143809997593,0.0
164.90158399997745,0.0
164.99175029995968,0.0
165.08181199996034,0.0
165.17192989998148,0.0
165.2620506999665,0.0
165.35238689996186,0.0
165.44225679995725,0.0
165.5324284999806,0.0
165.62252439997974,0.0
165.71265589995892,0.0
165.8027542999771,0.0
165.89299869997194,0.0
165.9829977999616,0.0
166.0691499999666,0.0
166.15919909995864,0.0
166.24929999996675,0.0
166.33964369996102,0.0
166.4296429999813,0.0
166.51969329998246,0.0
166.6097886999778,0.0
166.69995099995867,0.0
166.79001389996847,0.0
166.88016319996677,0.0
166.97026829997776,0.0
167.0603866999736,0.0
167.15047059996868,0.0
167.24064799997723,0.0
167.33075609998195,0.0
167.42095689996495,0.0
167.51108889997704,0.0
167.6010897999804,0.0
167.69121699995594,0.0
167.78130959995906,0.0
167.8713842999714,0.0
167.96161409997148,0.0
168.05169389996445,0.0
168.14177959997323,0.0
168.23188869995647,0.0
168.32203009998193,0.0
168.41212419996737,0.0
168.50222649995703,0.0
168.59233619997394,0.0
168.682519999973,0.0
168.77261669997824,0.0
168.86282989996835,0.0
168.9528931999812,-0.0
169.04291669998202,0.0
169.13309829996433,0.0
169.22317199996905,0.0
169.31341939995764,0.0
169.40356459998293,0.0
169.49358469995786,0.0
169.583654499962,0.0
169.6739729999681,0.0
169.76385629997822,0.0
169.85398149996763,0.0
169.94410879997304,0.0
170.03419909995864,0.0
170.1244307999732,0.0
170.21448139997665,0.0
170.30459479996352,0.0
170.3946970999823,0.0
170.48491139998077,0.0
170.5749402999645,0.0
170.66503179995925,0.0
170.75511159998132,0.0
170.84529859997565,0.0
170.93537319995812,0.0
171.02547349996166,0.0
171.11562649995903,0.0
171.205748999957,0.0
171.2959414999641,0.0
171.38590829996974,0.0
171.47623609995935,0.0
171.56622529996093,0.0
171.65654119997635,0.0
171.74643339996692,0.0
171.83658709996962,0.0
171.9266458999773,0.0
172.01684469997417,0.0
172.1068831999728,0.0
172.1970078999584,0.0
172.28712499997346,0.0
172.37726909996127,0.0
172.46741669997573,0.0
172.55747599995811,0.0
172.6477171999577,0.0
172.7378118999768,0.0
172.8278889999783,0.0
172.91798959998414,0.0
173.00808719996712,0.0
173.0982618999842,0.0
173.18828089997987,0.0
173.27847759996075,0.0
173.3685672999709,0.0
173.45860879996326,0.0
173.54874799997197,0.0
173.63884839997627,0.0
173.72910829997272,0.0
173.81909089998226,0.0
173.90916419998393,0.0
173.99936239997623,0.0
174.08951639998122,0.0
174.17959759995574,0.0
174.26968529997976,0.0
174.35978899998008,0.0
174.44993289996637,0.0
174.5400282999617,0.0
174.63012129996787,0.0
174.72027399996296,0.0
174.81044759997167,0.0
174.90050129996962,0.0
174.99067349996767,0.0
175.08069859998068,0.0
175.17081279997365,0.0
175.2609357999754,0.0
175.35113859997364,0.0
175.44115069997497,0.0
175.53130659996532,0.0
175.62140069997986,0.0
175.71150789997773,0.0
175.80172589997528,0.0
175.89174569997704,0.0
175.98186529998202,0.0
176.06800109997857,0.0
176.15810719996807,0.0
176.248255399958,0.0
176.3384232999815,0.0
176.42857299998286,0.0
176.5186908999749,0.0
176.60870769998292,0.0
176.6988158999593,0.0
176.78900509997038,0.0
176.87911069995607,0.0
176.9691778999695,0.0
177.05929029997787,0.0
177.14953669995884,0.0
177.23957579996204,0.0
177.32967669997015,0.0
177.41975559995626,0.0
177.50991199997952,0.0
177.60020359998452,0.0
177.6901252999669,0.0
177.78023689996917,0.0
177.87032319998252,0.0
177.9606197999674,0.0
178.0505757999781,0.0
178.14070299998275,0.0
178.2309742999787,0.0
178.32120009997743,0.0
178.411017299979,0.0
178.5011282999767,0.0
178.59127339997212,0.0
178.68133239998133,0.0
178.77150649996474,0.0
178.86162959996727,0.0
178.9518866999715,0.0
179.04196029997547,0.0
179.13191489997553,0.0
179.22208819998195,0.0
179.31228619997273,0.0
179.40251799995895,0.0
179.49251339997863,0.0
179.58254579995992,0.0
179.67264689996955,0.0
179.76286859996617,0.0
179.85288919997402,0.0
179.94302209996385,0.0
180.03320329997223,0.0
180.14994129998377,0.0
180.23985370001174,0.0
180.32999880000716,0.0
180.4200700999936,0.0
180.51019219998852,0.0
180.60032609998598,0.0
180.690494999988,0.0
180.78057840000838,0.0
180.87068359999103,0.0
180.96089339998434,0.0
181.05113069998333,0.0
181.14104349998524,0.0
181.2311592999904,0.0
181.32143029998406,0.0
181.41139029999613,0.0
181.50155630000518,0.0
181.59189849998802,0.0
181.68176229999517,0.0
181.77191209999728,-0.0
181.86209439998493,-0.0
181.95221439999295,0.0
182.04226379998727,0.0
182.13238719999208,0.0
182.22253460000502,0.0
182.31269260001136,0.0
182.40271019999636,0.0
182.4928482999967,0.0
182.58301169998595,0.0
182.67308849998517,0.0
182.7631595999992,0.0
182.85338270000648,-0.0
182.94347339999513,0.0
183.033643200004,0.0
183.12370060000103,0.0
183.21381690001,0.0
183.30384939999203,0.0
183.39402189999237,-0.0
183.48413040000014,0.0
183.5741965000052,0.0
183.66434690001188,0.0
183.7544726000051,0.0
183.8445623999869,0.0
183.9346235000121,0.0
184.02475010001217,0.0
184.11499989998993,0.0
184.2050634000043,-0.0
184.2951361000014,0.0
184.38520799999242,0.0
184.47541310000815,0.0
184.5654538999952,0.0
184.65563049999764,0.0
184.74572159998934,0.0
184.8359014999878,0.0
